<?xml version="1.0" encoding="UTF-8"?>
<!DOCTYPE fontscolors PUBLIC "-//NetBeans//DTD Editor Fonts and Colors settings 1.2//EN" "https://netbeans.apache.org/dtds/EditorFontsColors-1_2.dtd">
<fontscolors>
    <fontcolor foreColor="white" name="identifier"/>
    <fontcolor foreColor="yellow" name="number"/>
    <fontcolor bgColor="ff2b2b2b" foreColor="ffa9b7c6" name="default">
        <font name="Cascadia Mono PL" size="13"/>
    </fontcolor>
    <fontcolor foreColor="pink" name="string"/>
    <fontcolor foreColor="orange" name="char"/>
    <fontcolor foreColor="ffccccff" name="comment"/>
    <fontcolor foreColor="ffff6666" name="keyword"/>
    <fontcolor foreColor="ffffccff" name="operator"/>
    <fontcolor foreColor="magenta" name="url" underline="white"/>
</fontscolors>
